term,abbreviation,type,category,normal_min,normal_max,critical_low,critical_high,unit,frequency_score,icd10_code,cpt_code,snomed_id,explanation
Hemoglobin,Hb,lab test,Hematology,12,16,7,20,g/dL,0.12,,,,"Measurement of hemoglobin in blood, used for diagnosing and monitoring various conditions."
White Blood Cell Count,WBC,lab test,Hematology,4,11,2,30,10^9/L,0.23,,,,Clinical laboratory test measuring white blood cell count levels to assess health status.
Platelet Count,PLT,lab test,Hematology,150,450,50,1000,10^9/L,0.18,,,1499914,Quantitative analysis of platelet count providing insights into physiological processes.
Cholesterol Total,TC,lab test,Biochemistry,3.6,5.2,,6.2,mmol/L,0.3,,,1445199,"Measurement of cholesterol total in blood, used for diagnosing and monitoring various conditions."
Low-Density Lipoprotein,LDL,lab test,Biochemistry,1.8,3,,4.9,mmol/L,0.28,,,8038374,Quantitative analysis of low-density lipoprotein providing insights into physiological processes.
High-Density Lipoprotein,HDL,lab test,Biochemistry,1,2,0.4,,mmol/L,0.5,,,,Clinical laboratory test measuring high-density lipoprotein levels to assess health status.
Triglycerides,TG,lab test,Biochemistry,0.5,1.7,,5.6,mmol/L,0.78,,,,"Measurement of triglycerides in blood, used for diagnosing and monitoring various conditions."
Fasting Blood Glucose,FBG,lab test,Biochemistry,3.9,5.6,2.8,16.7,mmol/L,0.41,,,,Standard blood test that helps detect abnormalities in biochemistry parameters.
Hemoglobin A1c,HbA1c,lab test,Endocrinology,4,5.6,,9,%,0.19,,,7022674,Important diagnostic marker for evaluating endocrinology function and disorders.
Thyroid Stimulating Hormone,TSH,lab test,Endocrinology,0.4,4,0.01,10,mIU/L,0.64,,,8707870,Important diagnostic marker for evaluating endocrinology function and disorders.
Free T4,FT4,lab test,Endocrinology,10,20,5,30,pmol/L,0.21,,,2322047,Quantitative analysis of free t4 providing insights into physiological processes.
C-Reactive Protein,CRP,lab test,Immunology,0,5,,100,mg/L,0.36,,,7067228,Quantitative analysis of c-reactive protein providing insights into physiological processes.
Erythrocyte Sedimentation Rate,ESR,lab test,Hematology,0,20,,100,mm/hr,0.27,,,,Quantitative analysis of erythrocyte sedimentation rate providing insights into physiological processes.
Creatinine,Cr,lab test,Biochemistry,62,106,,530,μmol/L,0.8,,,4905582,Clinical laboratory test measuring creatinine levels to assess health status.
Blood Urea Nitrogen,BUN,lab test,Biochemistry,2.5,7.1,,35.7,mmol/L,0.44,,,7120868,"Measurement of blood urea nitrogen in blood, used for diagnosing and monitoring various conditions."
Sodium,Na,lab test,Biochemistry,135,145,120,160,mmol/L,0.43,,,,Clinical laboratory test measuring sodium levels to assess health status.
Potassium,K,lab test,Biochemistry,3.5,5,2.5,6.5,mmol/L,0.73,,,2197935,Important diagnostic marker for evaluating biochemistry function and disorders.
Alanine Aminotransferase,ALT,lab test,Biochemistry,7,56,,300,U/L,0.67,,,5107245,Quantitative analysis of alanine aminotransferase providing insights into physiological processes.
Aspartate Aminotransferase,AST,lab test,Biochemistry,10,40,,300,U/L,0.52,,,,Clinical laboratory test measuring aspartate aminotransferase levels to assess health status.
Alkaline Phosphatase,ALP,lab test,Biochemistry,44,147,,500,U/L,0.3,,,1938483,Quantitative analysis of alkaline phosphatase providing insights into physiological processes.
Hypertension,HTN,disease,Cardiovascular,,,,,,0.84,I50.6,,,"Chronic health disorder affecting multiple systems, treated with lifestyle changes and medication."
Type 2 Diabetes Mellitus,T2DM,disease,Endocrinology,,,,,,0.92,I82.5,,,"Chronic health disorder affecting multiple systems, treated with lifestyle changes and medication."
Coronary Artery Disease,CAD,disease,Cardiovascular,,,,,,0.46,I92.7,,,Pathological condition requiring ongoing monitoring and treatment.
Chronic Obstructive Pulmonary Disease,COPD,disease,Respiratory,,,,,,0.32,I81.8,,,"Chronic health disorder affecting multiple systems, treated with lifestyle changes and medication."
Asthma,,disease,Respiratory,,,,,,0.49,I84.6,,3320821,Health condition with specific diagnostic criteria and treatment protocols.
Rheumatoid Arthritis,RA,disease,Musculoskeletal,,,,,,0.54,I16.1,,,Health condition with specific diagnostic criteria and treatment protocols.
Osteoarthritis,OA,disease,Musculoskeletal,,,,,,0.81,I64.9,,,"Chronic health disorder affecting multiple systems, treated with lifestyle changes and medication."
Major Depressive Disorder,MDD,disease,Psychiatric,,,,,,0.64,I69.8,,,Pathological condition requiring ongoing monitoring and treatment.
Generalized Anxiety Disorder,GAD,disease,Psychiatric,,,,,,0.87,I11.1,,5476583,Health condition with specific diagnostic criteria and treatment protocols.
Hypothyroidism,,disease,Endocrinology,,,,,,0.2,I65.2,,5418934,Common endocrinology disorder with significant impact on quality of life.
Hyperthyroidism,,disease,Endocrinology,,,,,,0.79,I74.1,,6007072,Health condition with specific diagnostic criteria and treatment protocols.
Heart Failure,HF,disease,Cardiovascular,,,,,,0.65,I29.5,,9897858,Health condition with specific diagnostic criteria and treatment protocols.
Atrial Fibrillation,AFib,disease,Cardiovascular,,,,,,0.64,I72.0,,,Medical condition characterized by atrial fibrillation requiring medical management.
Stroke,CVA,disease,Neurological,,,,,,0.89,I49.3,,,Common neurological disorder with significant impact on quality of life.
Migraine,,disease,Neurological,,,,,,0.95,I20.7,,9937326,Health condition with specific diagnostic criteria and treatment protocols.
Irritable Bowel Syndrome,IBS,disease,Gastrointestinal,,,,,,0.22,I70.8,,,"Chronic health disorder affecting multiple systems, treated with lifestyle changes and medication."
Inflammatory Bowel Disease,IBD,disease,Gastrointestinal,,,,,,0.89,I64.3,,4374754,Health condition with specific diagnostic criteria and treatment protocols.
Gastroesophageal Reflux Disease,GERD,disease,Gastrointestinal,,,,,,0.46,I95.5,,9683481,Common gastrointestinal disorder with significant impact on quality of life.
Chronic Kidney Disease,CKD,disease,Renal,,,,,,0.21,I38.1,,4860684,Pathological condition requiring ongoing monitoring and treatment.
Urinary Tract Infection,UTI,disease,Infectious,,,,,,0.3,I19.0,,,Health condition with specific diagnostic criteria and treatment protocols.
Complete Blood Count,CBC,procedure,Diagnostic,,,,,,0.87,,19287,5672073,Medical diagnostic procedure performed for diagnosis or treatment.
Computed Tomography Scan,CT,procedure,Diagnostic,,,,,,0.29,,27342,8930103,Healthcare procedure performed by trained medical professionals.
Magnetic Resonance Imaging,MRI,procedure,Diagnostic,,,,,,0.81,,63354,,Clinical intervention used to assess or treat medical conditions.
Electrocardiogram,ECG,procedure,Diagnostic,,,,,,0.69,,56438,8835373,Medical diagnostic procedure performed for diagnosis or treatment.
Colonoscopy,,procedure,Diagnostic,,,,,,0.71,,94696,,Medical diagnostic procedure performed for diagnosis or treatment.
Endoscopy,,procedure,Diagnostic,,,,,,0.76,,24322,,Healthcare procedure performed by trained medical professionals.
Coronary Angiography,Cath,procedure,Diagnostic,,,,,,0.58,,28373,5673212,Clinical intervention used to assess or treat medical conditions.
Biopsy,,procedure,Diagnostic,,,,,,0.32,,19880,2642635,Healthcare procedure performed by trained medical professionals.
Physical Therapy,PT,procedure,Rehabilitative,,,,,,0.69,,80855,2564689,Medical rehabilitative procedure performed for diagnosis or treatment.
Chemotherapy,Chemo,procedure,Therapeutic,,,,,,0.25,,73653,7728339,Clinical intervention used to assess or treat medical conditions.
Radiation Therapy,RT,procedure,Therapeutic,,,,,,0.25,,10282,5449368,Medical therapeutic procedure performed for diagnosis or treatment.
Vaccination,,procedure,Preventive,,,,,,0.36,,82845,9164991,Healthcare procedure performed by trained medical professionals.
Appendectomy,,procedure,Surgical,,,,,,0.27,,38534,2022698,Clinical intervention used to assess or treat medical conditions.
Cholecystectomy,,procedure,Surgical,,,,,,0.15,,86569,9910817,Standard medical surgical technique with established protocols.
Hernia Repair,,procedure,Surgical,,,,,,0.15,,76562,,Clinical intervention used to assess or treat medical conditions.
Cardiac Catheterization,,procedure,Diagnostic,,,,,,0.16,,18907,4946066,Clinical intervention used to assess or treat medical conditions.
Dialysis,,procedure,Therapeutic,,,,,,0.21,,84668,,Healthcare procedure performed by trained medical professionals.
Blood Transfusion,,procedure,Therapeutic,,,,,,0.14,,20745,9770838,Diagnostic or therapeutic medical intervention.
Bronchoscopy,,procedure,Diagnostic,,,,,,0.94,,36772,6271130,Standard medical diagnostic technique with established protocols.
Lumbar Puncture,LP,procedure,Diagnostic,,,,,,0.34,,27154,6033115,Clinical intervention used to assess or treat medical conditions.
Metformin,,medication,Antidiabetic,,,,,,0.38,,,2217071,Medication with established efficacy and safety profile.
Insulin,,medication,Antidiabetic,,,,,,0.51,,,2677407,Pharmaceutical drug used to treat antidiabetic conditions.
Lisinopril,,medication,Antihypertensive,,,,,,0.58,,,3222252,Pharmaceutical drug used to treat antihypertensive conditions.
Amlodipine,,medication,Antihypertensive,,,,,,0.89,,,7199635,Drug therapy for managing symptoms and progression of related conditions.
Atorvastatin,,medication,Antilipidemic,,,,,,0.24,,,6075395,Drug therapy for managing symptoms and progression of related conditions.
Aspirin,ASA,medication,Antiplatelet,,,,,,0.99,,,9874152,Pharmacological treatment option in clinical practice.
Warfarin,,medication,Anticoagulant,,,,,,0.7,,,2737893,Pharmaceutical drug used to treat anticoagulant conditions.
Levothyroxine,,medication,Endocrine,,,,,,0.34,,,3607983,Commonly prescribed medication with specific therapeutic indications.
Albuterol,,medication,Bronchodilator,,,,,,0.35,,,,Drug therapy for managing symptoms and progression of related conditions.
Ibuprofen,,medication,NSAID,,,,,,0.28,,,5428914,Drug therapy for managing symptoms and progression of related conditions.
Omeprazole,,medication,PPI,,,,,,0.54,,,1852264,Pharmacological treatment option in clinical practice.
Fluoxetine,,medication,SSRI,,,,,,0.67,,,1739653,Pharmaceutical drug used to treat ssri conditions.
Sertraline,,medication,SSRI,,,,,,0.4,,,,Pharmaceutical drug used to treat ssri conditions.
Amoxicillin,,medication,Antibiotic,,,,,,0.25,,,8175395,Drug therapy for managing symptoms and progression of related conditions.
Azithromycin,,medication,Antibiotic,,,,,,0.11,,,,Pharmacological treatment option in clinical practice.
Metoprolol,,medication,Beta-blocker,,,,,,0.59,,,3484601,Commonly prescribed medication with specific therapeutic indications.
Furosemide,,medication,Diuretic,,,,,,0.21,,,1669324,Medication with established efficacy and safety profile.
Hydrochlorothiazide,HCTZ,medication,Diuretic,,,,,,0.29,,,,Drug therapy for managing symptoms and progression of related conditions.
Prednisone,,medication,Corticosteroid,,,,,,0.42,,,7817881,Pharmaceutical drug used to treat corticosteroid conditions.
Clopidogrel,,medication,Antiplatelet,,,,,,0.77,,,4971793,Pharmacological treatment option in clinical practice.
Headache,,symptom,Acute,,,,,,0.98,I32.6,,,Symptom that may indicate underlying medical conditions.
Fever,,symptom,Acute,,,,,,0.8,I62.3,,,Patient-reported experience requiring medical evaluation.
Fatigue,,symptom,Chronic,,,,,,0.44,I14.7,,,Common clinical manifestation reported by patients.
Shortness of Breath,SOB,symptom,Acute,,,,,,0.41,I39.3,,,Clinical sign that guides diagnostic investigations.
Chest Pain,,symptom,Acute,,,,,,0.46,I45.1,,5682940,Symptom that may indicate underlying medical conditions.
Nausea,,symptom,Acute,,,,,,0.68,I61.8,,1463060,Patient-reported experience requiring medical evaluation.
Dizziness,,symptom,Acute,,,,,,0.89,I43.2,,5453786,Common clinical manifestation reported by patients.
Cough,,symptom,Chronic,,,,,,0.2,I65.5,,6262632,Common clinical manifestation reported by patients.
Joint Pain,Arthralgia,symptom,Chronic,,,,,,0.65,I75.1,,4188992,Clinical sign that guides diagnostic investigations.
Back Pain,,symptom,Chronic,,,,,,0.14,I65.0,,4305700,Patient-reported experience requiring medical evaluation.
Abdominal Pain,,symptom,Acute,,,,,,0.49,I95.5,,3090865,Patient-reported experience requiring medical evaluation.
Palpitations,,symptom,Acute,,,,,,0.56,I95.6,,5960271,Patient-reported experience requiring medical evaluation.
Rash,,symptom,Localized,,,,,,0.21,I63.6,,3919694,Common reason for healthcare consultation.
Weakness,,symptom,Systemic,,,,,,0.61,I61.8,,6098175,Common reason for healthcare consultation.
Constipation,,symptom,Chronic,,,,,,0.29,I84.9,,8801207,Patient-reported experience requiring medical evaluation.
Diarrhea,,symptom,Acute,,,,,,0.5,I37.8,,3846949,Clinical sign that guides diagnostic investigations.
Blurred Vision,,symptom,Acute,,,,,,0.36,I94.9,,4940441,Common clinical manifestation reported by patients.
Tinnitus,,symptom,Chronic,,,,,,0.3,I35.2,,,Patient-reported experience requiring medical evaluation.
Insomnia,,symptom,Chronic,,,,,,0.99,I88.1,,4262081,Symptom that may indicate underlying medical conditions.
Weight Loss,,symptom,Systemic,,,,,,0.54,I41.2,,1093026,Clinical sign that guides diagnostic investigations.
