question,answer,term,type,category,source
Valeurs normales pour Hemoglobin,"Hemoglobin: Measurement of hemoglobin in blood, used for diagnosing and monitoring various conditions. Valeurs normales: 12.0-16.0 g/dL.",Hemoglobin,lab test,Hematology,augmented
Valeurs normales pour Hemoglobin,"Le test Hemoglobin mesure measurement of hemoglobin in blood, used for diagnosing and monitoring various conditions.. La plage normale est de 12.0 à 16.0 g/dL.",Hemoglobin,lab test,Hematology,augmented
Interprétation du test Hemoglobin,"Hemoglobin: Measurement of hemoglobin in blood, used for diagnosing and monitoring various conditions. Valeurs normales: 12.0-16.0 g/dL.",Hemoglobin,lab test,Hematology,augmented
Interprétation du test Hemoglobin,"Le test Hemoglobin mesure measurement of hemoglobin in blood, used for diagnosing and monitoring various conditions.. La plage normale est de 12.0 à 16.0 g/dL.",Hemoglobin,lab test,Hematology,augmented
"Hemoglobin trop élevé, que faire?","Hemoglobin: Measurement of hemoglobin in blood, used for diagnosing and monitoring various conditions. Valeurs normales: 12.0-16.0 g/dL.",Hemoglobin,lab test,Hematology,augmented
"Hemoglobin trop élevé, que faire?","Le test Hemoglobin mesure measurement of hemoglobin in blood, used for diagnosing and monitoring various conditions.. La plage normale est de 12.0 à 16.0 g/dL.",Hemoglobin,lab test,Hematology,augmented
Valeurs normales pour White Blood Cell Count,White Blood Cell Count: Clinical laboratory test measuring white blood cell count levels to assess health status. Valeurs normales: 4.0-11.0 10^9/L.,White Blood Cell Count,lab test,Hematology,augmented
Valeurs normales pour White Blood Cell Count,Le test White Blood Cell Count mesure clinical laboratory test measuring white blood cell count levels to assess health status.. La plage normale est de 4.0 à 11.0 10^9/L.,White Blood Cell Count,lab test,Hematology,augmented
Interprétation du test White Blood Cell Count,White Blood Cell Count: Clinical laboratory test measuring white blood cell count levels to assess health status. Valeurs normales: 4.0-11.0 10^9/L.,White Blood Cell Count,lab test,Hematology,augmented
Interprétation du test White Blood Cell Count,Le test White Blood Cell Count mesure clinical laboratory test measuring white blood cell count levels to assess health status.. La plage normale est de 4.0 à 11.0 10^9/L.,White Blood Cell Count,lab test,Hematology,augmented
"White Blood Cell Count trop élevé, que faire?",White Blood Cell Count: Clinical laboratory test measuring white blood cell count levels to assess health status. Valeurs normales: 4.0-11.0 10^9/L.,White Blood Cell Count,lab test,Hematology,augmented
"White Blood Cell Count trop élevé, que faire?",Le test White Blood Cell Count mesure clinical laboratory test measuring white blood cell count levels to assess health status.. La plage normale est de 4.0 à 11.0 10^9/L.,White Blood Cell Count,lab test,Hematology,augmented
Valeurs normales pour Platelet Count,Platelet Count: Quantitative analysis of platelet count providing insights into physiological processes. Valeurs normales: 150.0-450.0 10^9/L.,Platelet Count,lab test,Hematology,augmented
Valeurs normales pour Platelet Count,Le test Platelet Count mesure quantitative analysis of platelet count providing insights into physiological processes.. La plage normale est de 150.0 à 450.0 10^9/L.,Platelet Count,lab test,Hematology,augmented
Interprétation du test Platelet Count,Platelet Count: Quantitative analysis of platelet count providing insights into physiological processes. Valeurs normales: 150.0-450.0 10^9/L.,Platelet Count,lab test,Hematology,augmented
Interprétation du test Platelet Count,Le test Platelet Count mesure quantitative analysis of platelet count providing insights into physiological processes.. La plage normale est de 150.0 à 450.0 10^9/L.,Platelet Count,lab test,Hematology,augmented
"Platelet Count trop élevé, que faire?",Platelet Count: Quantitative analysis of platelet count providing insights into physiological processes. Valeurs normales: 150.0-450.0 10^9/L.,Platelet Count,lab test,Hematology,augmented
"Platelet Count trop élevé, que faire?",Le test Platelet Count mesure quantitative analysis of platelet count providing insights into physiological processes.. La plage normale est de 150.0 à 450.0 10^9/L.,Platelet Count,lab test,Hematology,augmented
Valeurs normales pour Cholesterol Total,"Cholesterol Total: Measurement of cholesterol total in blood, used for diagnosing and monitoring various conditions. Valeurs normales: 3.6-5.2 mmol/L.",Cholesterol Total,lab test,Biochemistry,augmented
Valeurs normales pour Cholesterol Total,"Le test Cholesterol Total mesure measurement of cholesterol total in blood, used for diagnosing and monitoring various conditions.. La plage normale est de 3.6 à 5.2 mmol/L.",Cholesterol Total,lab test,Biochemistry,augmented
Interprétation du test Cholesterol Total,"Cholesterol Total: Measurement of cholesterol total in blood, used for diagnosing and monitoring various conditions. Valeurs normales: 3.6-5.2 mmol/L.",Cholesterol Total,lab test,Biochemistry,augmented
Interprétation du test Cholesterol Total,"Le test Cholesterol Total mesure measurement of cholesterol total in blood, used for diagnosing and monitoring various conditions.. La plage normale est de 3.6 à 5.2 mmol/L.",Cholesterol Total,lab test,Biochemistry,augmented
"Cholesterol Total trop élevé, que faire?","Cholesterol Total: Measurement of cholesterol total in blood, used for diagnosing and monitoring various conditions. Valeurs normales: 3.6-5.2 mmol/L.",Cholesterol Total,lab test,Biochemistry,augmented
"Cholesterol Total trop élevé, que faire?","Le test Cholesterol Total mesure measurement of cholesterol total in blood, used for diagnosing and monitoring various conditions.. La plage normale est de 3.6 à 5.2 mmol/L.",Cholesterol Total,lab test,Biochemistry,augmented
Valeurs normales pour Low-Density Lipoprotein,Low-Density Lipoprotein: Quantitative analysis of low-density lipoprotein providing insights into physiological processes. Valeurs normales: 1.8-3.0 mmol/L.,Low-Density Lipoprotein,lab test,Biochemistry,augmented
Valeurs normales pour Low-Density Lipoprotein,Le test Low-Density Lipoprotein mesure quantitative analysis of low-density lipoprotein providing insights into physiological processes.. La plage normale est de 1.8 à 3.0 mmol/L.,Low-Density Lipoprotein,lab test,Biochemistry,augmented
Interprétation du test Low-Density Lipoprotein,Low-Density Lipoprotein: Quantitative analysis of low-density lipoprotein providing insights into physiological processes. Valeurs normales: 1.8-3.0 mmol/L.,Low-Density Lipoprotein,lab test,Biochemistry,augmented
Interprétation du test Low-Density Lipoprotein,Le test Low-Density Lipoprotein mesure quantitative analysis of low-density lipoprotein providing insights into physiological processes.. La plage normale est de 1.8 à 3.0 mmol/L.,Low-Density Lipoprotein,lab test,Biochemistry,augmented
"Low-Density Lipoprotein trop élevé, que faire?",Low-Density Lipoprotein: Quantitative analysis of low-density lipoprotein providing insights into physiological processes. Valeurs normales: 1.8-3.0 mmol/L.,Low-Density Lipoprotein,lab test,Biochemistry,augmented
"Low-Density Lipoprotein trop élevé, que faire?",Le test Low-Density Lipoprotein mesure quantitative analysis of low-density lipoprotein providing insights into physiological processes.. La plage normale est de 1.8 à 3.0 mmol/L.,Low-Density Lipoprotein,lab test,Biochemistry,augmented
Valeurs normales pour High-Density Lipoprotein,High-Density Lipoprotein: Clinical laboratory test measuring high-density lipoprotein levels to assess health status. Valeurs normales: 1.0-2.0 mmol/L.,High-Density Lipoprotein,lab test,Biochemistry,augmented
Valeurs normales pour High-Density Lipoprotein,Le test High-Density Lipoprotein mesure clinical laboratory test measuring high-density lipoprotein levels to assess health status.. La plage normale est de 1.0 à 2.0 mmol/L.,High-Density Lipoprotein,lab test,Biochemistry,augmented
Interprétation du test High-Density Lipoprotein,High-Density Lipoprotein: Clinical laboratory test measuring high-density lipoprotein levels to assess health status. Valeurs normales: 1.0-2.0 mmol/L.,High-Density Lipoprotein,lab test,Biochemistry,augmented
Interprétation du test High-Density Lipoprotein,Le test High-Density Lipoprotein mesure clinical laboratory test measuring high-density lipoprotein levels to assess health status.. La plage normale est de 1.0 à 2.0 mmol/L.,High-Density Lipoprotein,lab test,Biochemistry,augmented
"High-Density Lipoprotein trop élevé, que faire?",High-Density Lipoprotein: Clinical laboratory test measuring high-density lipoprotein levels to assess health status. Valeurs normales: 1.0-2.0 mmol/L.,High-Density Lipoprotein,lab test,Biochemistry,augmented
"High-Density Lipoprotein trop élevé, que faire?",Le test High-Density Lipoprotein mesure clinical laboratory test measuring high-density lipoprotein levels to assess health status.. La plage normale est de 1.0 à 2.0 mmol/L.,High-Density Lipoprotein,lab test,Biochemistry,augmented
Valeurs normales pour Triglycerides,"Triglycerides: Measurement of triglycerides in blood, used for diagnosing and monitoring various conditions. Valeurs normales: 0.5-1.7 mmol/L.",Triglycerides,lab test,Biochemistry,augmented
Valeurs normales pour Triglycerides,"Le test Triglycerides mesure measurement of triglycerides in blood, used for diagnosing and monitoring various conditions.. La plage normale est de 0.5 à 1.7 mmol/L.",Triglycerides,lab test,Biochemistry,augmented
Interprétation du test Triglycerides,"Triglycerides: Measurement of triglycerides in blood, used for diagnosing and monitoring various conditions. Valeurs normales: 0.5-1.7 mmol/L.",Triglycerides,lab test,Biochemistry,augmented
Interprétation du test Triglycerides,"Le test Triglycerides mesure measurement of triglycerides in blood, used for diagnosing and monitoring various conditions.. La plage normale est de 0.5 à 1.7 mmol/L.",Triglycerides,lab test,Biochemistry,augmented
"Triglycerides trop élevé, que faire?","Triglycerides: Measurement of triglycerides in blood, used for diagnosing and monitoring various conditions. Valeurs normales: 0.5-1.7 mmol/L.",Triglycerides,lab test,Biochemistry,augmented
"Triglycerides trop élevé, que faire?","Le test Triglycerides mesure measurement of triglycerides in blood, used for diagnosing and monitoring various conditions.. La plage normale est de 0.5 à 1.7 mmol/L.",Triglycerides,lab test,Biochemistry,augmented
Valeurs normales pour Fasting Blood Glucose,Fasting Blood Glucose: Standard blood test that helps detect abnormalities in biochemistry parameters. Valeurs normales: 3.9-5.6 mmol/L.,Fasting Blood Glucose,lab test,Biochemistry,augmented
Valeurs normales pour Fasting Blood Glucose,Le test Fasting Blood Glucose mesure standard blood test that helps detect abnormalities in biochemistry parameters.. La plage normale est de 3.9 à 5.6 mmol/L.,Fasting Blood Glucose,lab test,Biochemistry,augmented
Interprétation du test Fasting Blood Glucose,Fasting Blood Glucose: Standard blood test that helps detect abnormalities in biochemistry parameters. Valeurs normales: 3.9-5.6 mmol/L.,Fasting Blood Glucose,lab test,Biochemistry,augmented
Interprétation du test Fasting Blood Glucose,Le test Fasting Blood Glucose mesure standard blood test that helps detect abnormalities in biochemistry parameters.. La plage normale est de 3.9 à 5.6 mmol/L.,Fasting Blood Glucose,lab test,Biochemistry,augmented
"Fasting Blood Glucose trop élevé, que faire?",Fasting Blood Glucose: Standard blood test that helps detect abnormalities in biochemistry parameters. Valeurs normales: 3.9-5.6 mmol/L.,Fasting Blood Glucose,lab test,Biochemistry,augmented
"Fasting Blood Glucose trop élevé, que faire?",Le test Fasting Blood Glucose mesure standard blood test that helps detect abnormalities in biochemistry parameters.. La plage normale est de 3.9 à 5.6 mmol/L.,Fasting Blood Glucose,lab test,Biochemistry,augmented
Valeurs normales pour Hemoglobin A1c,Hemoglobin A1c: Important diagnostic marker for evaluating endocrinology function and disorders. Valeurs normales: 4.0-5.6 %.,Hemoglobin A1c,lab test,Endocrinology,augmented
Valeurs normales pour Hemoglobin A1c,Le test Hemoglobin A1c mesure important diagnostic marker for evaluating endocrinology function and disorders.. La plage normale est de 4.0 à 5.6 %.,Hemoglobin A1c,lab test,Endocrinology,augmented
Interprétation du test Hemoglobin A1c,Hemoglobin A1c: Important diagnostic marker for evaluating endocrinology function and disorders. Valeurs normales: 4.0-5.6 %.,Hemoglobin A1c,lab test,Endocrinology,augmented
Interprétation du test Hemoglobin A1c,Le test Hemoglobin A1c mesure important diagnostic marker for evaluating endocrinology function and disorders.. La plage normale est de 4.0 à 5.6 %.,Hemoglobin A1c,lab test,Endocrinology,augmented
"Hemoglobin A1c trop élevé, que faire?",Hemoglobin A1c: Important diagnostic marker for evaluating endocrinology function and disorders. Valeurs normales: 4.0-5.6 %.,Hemoglobin A1c,lab test,Endocrinology,augmented
"Hemoglobin A1c trop élevé, que faire?",Le test Hemoglobin A1c mesure important diagnostic marker for evaluating endocrinology function and disorders.. La plage normale est de 4.0 à 5.6 %.,Hemoglobin A1c,lab test,Endocrinology,augmented
Valeurs normales pour Thyroid Stimulating Hormone,Thyroid Stimulating Hormone: Important diagnostic marker for evaluating endocrinology function and disorders. Valeurs normales: 0.4-4.0 mIU/L.,Thyroid Stimulating Hormone,lab test,Endocrinology,augmented
Valeurs normales pour Thyroid Stimulating Hormone,Le test Thyroid Stimulating Hormone mesure important diagnostic marker for evaluating endocrinology function and disorders.. La plage normale est de 0.4 à 4.0 mIU/L.,Thyroid Stimulating Hormone,lab test,Endocrinology,augmented
Interprétation du test Thyroid Stimulating Hormone,Thyroid Stimulating Hormone: Important diagnostic marker for evaluating endocrinology function and disorders. Valeurs normales: 0.4-4.0 mIU/L.,Thyroid Stimulating Hormone,lab test,Endocrinology,augmented
Interprétation du test Thyroid Stimulating Hormone,Le test Thyroid Stimulating Hormone mesure important diagnostic marker for evaluating endocrinology function and disorders.. La plage normale est de 0.4 à 4.0 mIU/L.,Thyroid Stimulating Hormone,lab test,Endocrinology,augmented
"Thyroid Stimulating Hormone trop élevé, que faire?",Thyroid Stimulating Hormone: Important diagnostic marker for evaluating endocrinology function and disorders. Valeurs normales: 0.4-4.0 mIU/L.,Thyroid Stimulating Hormone,lab test,Endocrinology,augmented
"Thyroid Stimulating Hormone trop élevé, que faire?",Le test Thyroid Stimulating Hormone mesure important diagnostic marker for evaluating endocrinology function and disorders.. La plage normale est de 0.4 à 4.0 mIU/L.,Thyroid Stimulating Hormone,lab test,Endocrinology,augmented
Valeurs normales pour Free T4,Free T4: Quantitative analysis of free t4 providing insights into physiological processes. Valeurs normales: 10.0-20.0 pmol/L.,Free T4,lab test,Endocrinology,augmented
Valeurs normales pour Free T4,Le test Free T4 mesure quantitative analysis of free t4 providing insights into physiological processes.. La plage normale est de 10.0 à 20.0 pmol/L.,Free T4,lab test,Endocrinology,augmented
Interprétation du test Free T4,Free T4: Quantitative analysis of free t4 providing insights into physiological processes. Valeurs normales: 10.0-20.0 pmol/L.,Free T4,lab test,Endocrinology,augmented
Interprétation du test Free T4,Le test Free T4 mesure quantitative analysis of free t4 providing insights into physiological processes.. La plage normale est de 10.0 à 20.0 pmol/L.,Free T4,lab test,Endocrinology,augmented
"Free T4 trop élevé, que faire?",Free T4: Quantitative analysis of free t4 providing insights into physiological processes. Valeurs normales: 10.0-20.0 pmol/L.,Free T4,lab test,Endocrinology,augmented
"Free T4 trop élevé, que faire?",Le test Free T4 mesure quantitative analysis of free t4 providing insights into physiological processes.. La plage normale est de 10.0 à 20.0 pmol/L.,Free T4,lab test,Endocrinology,augmented
Valeurs normales pour C-Reactive Protein,C-Reactive Protein: Quantitative analysis of c-reactive protein providing insights into physiological processes. Valeurs normales: 0.0-5.0 mg/L.,C-Reactive Protein,lab test,Immunology,augmented
Valeurs normales pour C-Reactive Protein,Le test C-Reactive Protein mesure quantitative analysis of c-reactive protein providing insights into physiological processes.. La plage normale est de 0.0 à 5.0 mg/L.,C-Reactive Protein,lab test,Immunology,augmented
Interprétation du test C-Reactive Protein,C-Reactive Protein: Quantitative analysis of c-reactive protein providing insights into physiological processes. Valeurs normales: 0.0-5.0 mg/L.,C-Reactive Protein,lab test,Immunology,augmented
Interprétation du test C-Reactive Protein,Le test C-Reactive Protein mesure quantitative analysis of c-reactive protein providing insights into physiological processes.. La plage normale est de 0.0 à 5.0 mg/L.,C-Reactive Protein,lab test,Immunology,augmented
"C-Reactive Protein trop élevé, que faire?",C-Reactive Protein: Quantitative analysis of c-reactive protein providing insights into physiological processes. Valeurs normales: 0.0-5.0 mg/L.,C-Reactive Protein,lab test,Immunology,augmented
"C-Reactive Protein trop élevé, que faire?",Le test C-Reactive Protein mesure quantitative analysis of c-reactive protein providing insights into physiological processes.. La plage normale est de 0.0 à 5.0 mg/L.,C-Reactive Protein,lab test,Immunology,augmented
Valeurs normales pour Erythrocyte Sedimentation Rate,Erythrocyte Sedimentation Rate: Quantitative analysis of erythrocyte sedimentation rate providing insights into physiological processes. Valeurs normales: 0.0-20.0 mm/hr.,Erythrocyte Sedimentation Rate,lab test,Hematology,augmented
Valeurs normales pour Erythrocyte Sedimentation Rate,Le test Erythrocyte Sedimentation Rate mesure quantitative analysis of erythrocyte sedimentation rate providing insights into physiological processes.. La plage normale est de 0.0 à 20.0 mm/hr.,Erythrocyte Sedimentation Rate,lab test,Hematology,augmented
Interprétation du test Erythrocyte Sedimentation Rate,Erythrocyte Sedimentation Rate: Quantitative analysis of erythrocyte sedimentation rate providing insights into physiological processes. Valeurs normales: 0.0-20.0 mm/hr.,Erythrocyte Sedimentation Rate,lab test,Hematology,augmented
Interprétation du test Erythrocyte Sedimentation Rate,Le test Erythrocyte Sedimentation Rate mesure quantitative analysis of erythrocyte sedimentation rate providing insights into physiological processes.. La plage normale est de 0.0 à 20.0 mm/hr.,Erythrocyte Sedimentation Rate,lab test,Hematology,augmented
"Erythrocyte Sedimentation Rate trop élevé, que faire?",Erythrocyte Sedimentation Rate: Quantitative analysis of erythrocyte sedimentation rate providing insights into physiological processes. Valeurs normales: 0.0-20.0 mm/hr.,Erythrocyte Sedimentation Rate,lab test,Hematology,augmented
"Erythrocyte Sedimentation Rate trop élevé, que faire?",Le test Erythrocyte Sedimentation Rate mesure quantitative analysis of erythrocyte sedimentation rate providing insights into physiological processes.. La plage normale est de 0.0 à 20.0 mm/hr.,Erythrocyte Sedimentation Rate,lab test,Hematology,augmented
Valeurs normales pour Creatinine,Creatinine: Clinical laboratory test measuring creatinine levels to assess health status. Valeurs normales: 62.0-106.0 μmol/L.,Creatinine,lab test,Biochemistry,augmented
Valeurs normales pour Creatinine,Le test Creatinine mesure clinical laboratory test measuring creatinine levels to assess health status.. La plage normale est de 62.0 à 106.0 μmol/L.,Creatinine,lab test,Biochemistry,augmented
Interprétation du test Creatinine,Creatinine: Clinical laboratory test measuring creatinine levels to assess health status. Valeurs normales: 62.0-106.0 μmol/L.,Creatinine,lab test,Biochemistry,augmented
Interprétation du test Creatinine,Le test Creatinine mesure clinical laboratory test measuring creatinine levels to assess health status.. La plage normale est de 62.0 à 106.0 μmol/L.,Creatinine,lab test,Biochemistry,augmented
"Creatinine trop élevé, que faire?",Creatinine: Clinical laboratory test measuring creatinine levels to assess health status. Valeurs normales: 62.0-106.0 μmol/L.,Creatinine,lab test,Biochemistry,augmented
"Creatinine trop élevé, que faire?",Le test Creatinine mesure clinical laboratory test measuring creatinine levels to assess health status.. La plage normale est de 62.0 à 106.0 μmol/L.,Creatinine,lab test,Biochemistry,augmented
Valeurs normales pour Blood Urea Nitrogen,"Blood Urea Nitrogen: Measurement of blood urea nitrogen in blood, used for diagnosing and monitoring various conditions. Valeurs normales: 2.5-7.1 mmol/L.",Blood Urea Nitrogen,lab test,Biochemistry,augmented
Valeurs normales pour Blood Urea Nitrogen,"Le test Blood Urea Nitrogen mesure measurement of blood urea nitrogen in blood, used for diagnosing and monitoring various conditions.. La plage normale est de 2.5 à 7.1 mmol/L.",Blood Urea Nitrogen,lab test,Biochemistry,augmented
Interprétation du test Blood Urea Nitrogen,"Blood Urea Nitrogen: Measurement of blood urea nitrogen in blood, used for diagnosing and monitoring various conditions. Valeurs normales: 2.5-7.1 mmol/L.",Blood Urea Nitrogen,lab test,Biochemistry,augmented
Interprétation du test Blood Urea Nitrogen,"Le test Blood Urea Nitrogen mesure measurement of blood urea nitrogen in blood, used for diagnosing and monitoring various conditions.. La plage normale est de 2.5 à 7.1 mmol/L.",Blood Urea Nitrogen,lab test,Biochemistry,augmented
"Blood Urea Nitrogen trop élevé, que faire?","Blood Urea Nitrogen: Measurement of blood urea nitrogen in blood, used for diagnosing and monitoring various conditions. Valeurs normales: 2.5-7.1 mmol/L.",Blood Urea Nitrogen,lab test,Biochemistry,augmented
"Blood Urea Nitrogen trop élevé, que faire?","Le test Blood Urea Nitrogen mesure measurement of blood urea nitrogen in blood, used for diagnosing and monitoring various conditions.. La plage normale est de 2.5 à 7.1 mmol/L.",Blood Urea Nitrogen,lab test,Biochemistry,augmented
Valeurs normales pour Sodium,Sodium: Clinical laboratory test measuring sodium levels to assess health status. Valeurs normales: 135.0-145.0 mmol/L.,Sodium,lab test,Biochemistry,augmented
Valeurs normales pour Sodium,Le test Sodium mesure clinical laboratory test measuring sodium levels to assess health status.. La plage normale est de 135.0 à 145.0 mmol/L.,Sodium,lab test,Biochemistry,augmented
Interprétation du test Sodium,Sodium: Clinical laboratory test measuring sodium levels to assess health status. Valeurs normales: 135.0-145.0 mmol/L.,Sodium,lab test,Biochemistry,augmented
Interprétation du test Sodium,Le test Sodium mesure clinical laboratory test measuring sodium levels to assess health status.. La plage normale est de 135.0 à 145.0 mmol/L.,Sodium,lab test,Biochemistry,augmented
"Sodium trop élevé, que faire?",Sodium: Clinical laboratory test measuring sodium levels to assess health status. Valeurs normales: 135.0-145.0 mmol/L.,Sodium,lab test,Biochemistry,augmented
"Sodium trop élevé, que faire?",Le test Sodium mesure clinical laboratory test measuring sodium levels to assess health status.. La plage normale est de 135.0 à 145.0 mmol/L.,Sodium,lab test,Biochemistry,augmented
Valeurs normales pour Potassium,Potassium: Important diagnostic marker for evaluating biochemistry function and disorders. Valeurs normales: 3.5-5.0 mmol/L.,Potassium,lab test,Biochemistry,augmented
Valeurs normales pour Potassium,Le test Potassium mesure important diagnostic marker for evaluating biochemistry function and disorders.. La plage normale est de 3.5 à 5.0 mmol/L.,Potassium,lab test,Biochemistry,augmented
Interprétation du test Potassium,Potassium: Important diagnostic marker for evaluating biochemistry function and disorders. Valeurs normales: 3.5-5.0 mmol/L.,Potassium,lab test,Biochemistry,augmented
Interprétation du test Potassium,Le test Potassium mesure important diagnostic marker for evaluating biochemistry function and disorders.. La plage normale est de 3.5 à 5.0 mmol/L.,Potassium,lab test,Biochemistry,augmented
"Potassium trop élevé, que faire?",Potassium: Important diagnostic marker for evaluating biochemistry function and disorders. Valeurs normales: 3.5-5.0 mmol/L.,Potassium,lab test,Biochemistry,augmented
"Potassium trop élevé, que faire?",Le test Potassium mesure important diagnostic marker for evaluating biochemistry function and disorders.. La plage normale est de 3.5 à 5.0 mmol/L.,Potassium,lab test,Biochemistry,augmented
Valeurs normales pour Alanine Aminotransferase,Alanine Aminotransferase: Quantitative analysis of alanine aminotransferase providing insights into physiological processes. Valeurs normales: 7.0-56.0 U/L.,Alanine Aminotransferase,lab test,Biochemistry,augmented
Valeurs normales pour Alanine Aminotransferase,Le test Alanine Aminotransferase mesure quantitative analysis of alanine aminotransferase providing insights into physiological processes.. La plage normale est de 7.0 à 56.0 U/L.,Alanine Aminotransferase,lab test,Biochemistry,augmented
Interprétation du test Alanine Aminotransferase,Alanine Aminotransferase: Quantitative analysis of alanine aminotransferase providing insights into physiological processes. Valeurs normales: 7.0-56.0 U/L.,Alanine Aminotransferase,lab test,Biochemistry,augmented
Interprétation du test Alanine Aminotransferase,Le test Alanine Aminotransferase mesure quantitative analysis of alanine aminotransferase providing insights into physiological processes.. La plage normale est de 7.0 à 56.0 U/L.,Alanine Aminotransferase,lab test,Biochemistry,augmented
"Alanine Aminotransferase trop élevé, que faire?",Alanine Aminotransferase: Quantitative analysis of alanine aminotransferase providing insights into physiological processes. Valeurs normales: 7.0-56.0 U/L.,Alanine Aminotransferase,lab test,Biochemistry,augmented
"Alanine Aminotransferase trop élevé, que faire?",Le test Alanine Aminotransferase mesure quantitative analysis of alanine aminotransferase providing insights into physiological processes.. La plage normale est de 7.0 à 56.0 U/L.,Alanine Aminotransferase,lab test,Biochemistry,augmented
Valeurs normales pour Aspartate Aminotransferase,Aspartate Aminotransferase: Clinical laboratory test measuring aspartate aminotransferase levels to assess health status. Valeurs normales: 10.0-40.0 U/L.,Aspartate Aminotransferase,lab test,Biochemistry,augmented
Valeurs normales pour Aspartate Aminotransferase,Le test Aspartate Aminotransferase mesure clinical laboratory test measuring aspartate aminotransferase levels to assess health status.. La plage normale est de 10.0 à 40.0 U/L.,Aspartate Aminotransferase,lab test,Biochemistry,augmented
Interprétation du test Aspartate Aminotransferase,Aspartate Aminotransferase: Clinical laboratory test measuring aspartate aminotransferase levels to assess health status. Valeurs normales: 10.0-40.0 U/L.,Aspartate Aminotransferase,lab test,Biochemistry,augmented
Interprétation du test Aspartate Aminotransferase,Le test Aspartate Aminotransferase mesure clinical laboratory test measuring aspartate aminotransferase levels to assess health status.. La plage normale est de 10.0 à 40.0 U/L.,Aspartate Aminotransferase,lab test,Biochemistry,augmented
"Aspartate Aminotransferase trop élevé, que faire?",Aspartate Aminotransferase: Clinical laboratory test measuring aspartate aminotransferase levels to assess health status. Valeurs normales: 10.0-40.0 U/L.,Aspartate Aminotransferase,lab test,Biochemistry,augmented
"Aspartate Aminotransferase trop élevé, que faire?",Le test Aspartate Aminotransferase mesure clinical laboratory test measuring aspartate aminotransferase levels to assess health status.. La plage normale est de 10.0 à 40.0 U/L.,Aspartate Aminotransferase,lab test,Biochemistry,augmented
Valeurs normales pour Alkaline Phosphatase,Alkaline Phosphatase: Quantitative analysis of alkaline phosphatase providing insights into physiological processes. Valeurs normales: 44.0-147.0 U/L.,Alkaline Phosphatase,lab test,Biochemistry,augmented
Valeurs normales pour Alkaline Phosphatase,Le test Alkaline Phosphatase mesure quantitative analysis of alkaline phosphatase providing insights into physiological processes.. La plage normale est de 44.0 à 147.0 U/L.,Alkaline Phosphatase,lab test,Biochemistry,augmented
Interprétation du test Alkaline Phosphatase,Alkaline Phosphatase: Quantitative analysis of alkaline phosphatase providing insights into physiological processes. Valeurs normales: 44.0-147.0 U/L.,Alkaline Phosphatase,lab test,Biochemistry,augmented
Interprétation du test Alkaline Phosphatase,Le test Alkaline Phosphatase mesure quantitative analysis of alkaline phosphatase providing insights into physiological processes.. La plage normale est de 44.0 à 147.0 U/L.,Alkaline Phosphatase,lab test,Biochemistry,augmented
"Alkaline Phosphatase trop élevé, que faire?",Alkaline Phosphatase: Quantitative analysis of alkaline phosphatase providing insights into physiological processes. Valeurs normales: 44.0-147.0 U/L.,Alkaline Phosphatase,lab test,Biochemistry,augmented
"Alkaline Phosphatase trop élevé, que faire?",Le test Alkaline Phosphatase mesure quantitative analysis of alkaline phosphatase providing insights into physiological processes.. La plage normale est de 44.0 à 147.0 U/L.,Alkaline Phosphatase,lab test,Biochemistry,augmented
Symptômes du Hypertension,"Hypertension: Chronic health disorder affecting multiple systems, treated with lifestyle changes and medication.",Hypertension,disease,Cardiovascular,augmented
Symptômes du Hypertension,"En médecine, Hypertension se réfère à: Chronic health disorder affecting multiple systems, treated with lifestyle changes and medication.",Hypertension,disease,Cardiovascular,augmented
Traitement de Hypertension,"Hypertension: Chronic health disorder affecting multiple systems, treated with lifestyle changes and medication.",Hypertension,disease,Cardiovascular,augmented
Traitement de Hypertension,"En médecine, Hypertension se réfère à: Chronic health disorder affecting multiple systems, treated with lifestyle changes and medication.",Hypertension,disease,Cardiovascular,augmented
Causes de Hypertension,"Hypertension: Chronic health disorder affecting multiple systems, treated with lifestyle changes and medication.",Hypertension,disease,Cardiovascular,augmented
Causes de Hypertension,"En médecine, Hypertension se réfère à: Chronic health disorder affecting multiple systems, treated with lifestyle changes and medication.",Hypertension,disease,Cardiovascular,augmented
Symptômes du Type 2 Diabetes Mellitus,"Type 2 Diabetes Mellitus: Chronic health disorder affecting multiple systems, treated with lifestyle changes and medication.",Type 2 Diabetes Mellitus,disease,Endocrinology,augmented
Symptômes du Type 2 Diabetes Mellitus,"En médecine, Type 2 Diabetes Mellitus se réfère à: Chronic health disorder affecting multiple systems, treated with lifestyle changes and medication.",Type 2 Diabetes Mellitus,disease,Endocrinology,augmented
Traitement de Type 2 Diabetes Mellitus,"Type 2 Diabetes Mellitus: Chronic health disorder affecting multiple systems, treated with lifestyle changes and medication.",Type 2 Diabetes Mellitus,disease,Endocrinology,augmented
Traitement de Type 2 Diabetes Mellitus,"En médecine, Type 2 Diabetes Mellitus se réfère à: Chronic health disorder affecting multiple systems, treated with lifestyle changes and medication.",Type 2 Diabetes Mellitus,disease,Endocrinology,augmented
Causes de Type 2 Diabetes Mellitus,"Type 2 Diabetes Mellitus: Chronic health disorder affecting multiple systems, treated with lifestyle changes and medication.",Type 2 Diabetes Mellitus,disease,Endocrinology,augmented
Causes de Type 2 Diabetes Mellitus,"En médecine, Type 2 Diabetes Mellitus se réfère à: Chronic health disorder affecting multiple systems, treated with lifestyle changes and medication.",Type 2 Diabetes Mellitus,disease,Endocrinology,augmented
Symptômes du Coronary Artery Disease,Coronary Artery Disease: Pathological condition requiring ongoing monitoring and treatment.,Coronary Artery Disease,disease,Cardiovascular,augmented
Symptômes du Coronary Artery Disease,"En médecine, Coronary Artery Disease se réfère à: Pathological condition requiring ongoing monitoring and treatment.",Coronary Artery Disease,disease,Cardiovascular,augmented
Traitement de Coronary Artery Disease,Coronary Artery Disease: Pathological condition requiring ongoing monitoring and treatment.,Coronary Artery Disease,disease,Cardiovascular,augmented
Traitement de Coronary Artery Disease,"En médecine, Coronary Artery Disease se réfère à: Pathological condition requiring ongoing monitoring and treatment.",Coronary Artery Disease,disease,Cardiovascular,augmented
Causes de Coronary Artery Disease,Coronary Artery Disease: Pathological condition requiring ongoing monitoring and treatment.,Coronary Artery Disease,disease,Cardiovascular,augmented
Causes de Coronary Artery Disease,"En médecine, Coronary Artery Disease se réfère à: Pathological condition requiring ongoing monitoring and treatment.",Coronary Artery Disease,disease,Cardiovascular,augmented
Symptômes du Chronic Obstructive Pulmonary Disease,"Chronic Obstructive Pulmonary Disease: Chronic health disorder affecting multiple systems, treated with lifestyle changes and medication.",Chronic Obstructive Pulmonary Disease,disease,Respiratory,augmented
Symptômes du Chronic Obstructive Pulmonary Disease,"En médecine, Chronic Obstructive Pulmonary Disease se réfère à: Chronic health disorder affecting multiple systems, treated with lifestyle changes and medication.",Chronic Obstructive Pulmonary Disease,disease,Respiratory,augmented
Traitement de Chronic Obstructive Pulmonary Disease,"Chronic Obstructive Pulmonary Disease: Chronic health disorder affecting multiple systems, treated with lifestyle changes and medication.",Chronic Obstructive Pulmonary Disease,disease,Respiratory,augmented
Traitement de Chronic Obstructive Pulmonary Disease,"En médecine, Chronic Obstructive Pulmonary Disease se réfère à: Chronic health disorder affecting multiple systems, treated with lifestyle changes and medication.",Chronic Obstructive Pulmonary Disease,disease,Respiratory,augmented
Causes de Chronic Obstructive Pulmonary Disease,"Chronic Obstructive Pulmonary Disease: Chronic health disorder affecting multiple systems, treated with lifestyle changes and medication.",Chronic Obstructive Pulmonary Disease,disease,Respiratory,augmented
Causes de Chronic Obstructive Pulmonary Disease,"En médecine, Chronic Obstructive Pulmonary Disease se réfère à: Chronic health disorder affecting multiple systems, treated with lifestyle changes and medication.",Chronic Obstructive Pulmonary Disease,disease,Respiratory,augmented
Symptômes du Asthma,Asthma: Health condition with specific diagnostic criteria and treatment protocols.,Asthma,disease,Respiratory,augmented
Symptômes du Asthma,"En médecine, Asthma se réfère à: Health condition with specific diagnostic criteria and treatment protocols.",Asthma,disease,Respiratory,augmented
Traitement de Asthma,Asthma: Health condition with specific diagnostic criteria and treatment protocols.,Asthma,disease,Respiratory,augmented
Traitement de Asthma,"En médecine, Asthma se réfère à: Health condition with specific diagnostic criteria and treatment protocols.",Asthma,disease,Respiratory,augmented
Causes de Asthma,Asthma: Health condition with specific diagnostic criteria and treatment protocols.,Asthma,disease,Respiratory,augmented
Causes de Asthma,"En médecine, Asthma se réfère à: Health condition with specific diagnostic criteria and treatment protocols.",Asthma,disease,Respiratory,augmented
Symptômes du Rheumatoid Arthritis,Rheumatoid Arthritis: Health condition with specific diagnostic criteria and treatment protocols.,Rheumatoid Arthritis,disease,Musculoskeletal,augmented
Symptômes du Rheumatoid Arthritis,"En médecine, Rheumatoid Arthritis se réfère à: Health condition with specific diagnostic criteria and treatment protocols.",Rheumatoid Arthritis,disease,Musculoskeletal,augmented
Traitement de Rheumatoid Arthritis,Rheumatoid Arthritis: Health condition with specific diagnostic criteria and treatment protocols.,Rheumatoid Arthritis,disease,Musculoskeletal,augmented
Traitement de Rheumatoid Arthritis,"En médecine, Rheumatoid Arthritis se réfère à: Health condition with specific diagnostic criteria and treatment protocols.",Rheumatoid Arthritis,disease,Musculoskeletal,augmented
Causes de Rheumatoid Arthritis,Rheumatoid Arthritis: Health condition with specific diagnostic criteria and treatment protocols.,Rheumatoid Arthritis,disease,Musculoskeletal,augmented
Causes de Rheumatoid Arthritis,"En médecine, Rheumatoid Arthritis se réfère à: Health condition with specific diagnostic criteria and treatment protocols.",Rheumatoid Arthritis,disease,Musculoskeletal,augmented
Symptômes du Osteoarthritis,"Osteoarthritis: Chronic health disorder affecting multiple systems, treated with lifestyle changes and medication.",Osteoarthritis,disease,Musculoskeletal,augmented
Symptômes du Osteoarthritis,"En médecine, Osteoarthritis se réfère à: Chronic health disorder affecting multiple systems, treated with lifestyle changes and medication.",Osteoarthritis,disease,Musculoskeletal,augmented
Traitement de Osteoarthritis,"Osteoarthritis: Chronic health disorder affecting multiple systems, treated with lifestyle changes and medication.",Osteoarthritis,disease,Musculoskeletal,augmented
Traitement de Osteoarthritis,"En médecine, Osteoarthritis se réfère à: Chronic health disorder affecting multiple systems, treated with lifestyle changes and medication.",Osteoarthritis,disease,Musculoskeletal,augmented
Causes de Osteoarthritis,"Osteoarthritis: Chronic health disorder affecting multiple systems, treated with lifestyle changes and medication.",Osteoarthritis,disease,Musculoskeletal,augmented
Causes de Osteoarthritis,"En médecine, Osteoarthritis se réfère à: Chronic health disorder affecting multiple systems, treated with lifestyle changes and medication.",Osteoarthritis,disease,Musculoskeletal,augmented
Symptômes du Major Depressive Disorder,Major Depressive Disorder: Pathological condition requiring ongoing monitoring and treatment.,Major Depressive Disorder,disease,Psychiatric,augmented
Symptômes du Major Depressive Disorder,"En médecine, Major Depressive Disorder se réfère à: Pathological condition requiring ongoing monitoring and treatment.",Major Depressive Disorder,disease,Psychiatric,augmented
Traitement de Major Depressive Disorder,Major Depressive Disorder: Pathological condition requiring ongoing monitoring and treatment.,Major Depressive Disorder,disease,Psychiatric,augmented
Traitement de Major Depressive Disorder,"En médecine, Major Depressive Disorder se réfère à: Pathological condition requiring ongoing monitoring and treatment.",Major Depressive Disorder,disease,Psychiatric,augmented
Causes de Major Depressive Disorder,Major Depressive Disorder: Pathological condition requiring ongoing monitoring and treatment.,Major Depressive Disorder,disease,Psychiatric,augmented
Causes de Major Depressive Disorder,"En médecine, Major Depressive Disorder se réfère à: Pathological condition requiring ongoing monitoring and treatment.",Major Depressive Disorder,disease,Psychiatric,augmented
Symptômes du Generalized Anxiety Disorder,Generalized Anxiety Disorder: Health condition with specific diagnostic criteria and treatment protocols.,Generalized Anxiety Disorder,disease,Psychiatric,augmented
Symptômes du Generalized Anxiety Disorder,"En médecine, Generalized Anxiety Disorder se réfère à: Health condition with specific diagnostic criteria and treatment protocols.",Generalized Anxiety Disorder,disease,Psychiatric,augmented
Traitement de Generalized Anxiety Disorder,Generalized Anxiety Disorder: Health condition with specific diagnostic criteria and treatment protocols.,Generalized Anxiety Disorder,disease,Psychiatric,augmented
Traitement de Generalized Anxiety Disorder,"En médecine, Generalized Anxiety Disorder se réfère à: Health condition with specific diagnostic criteria and treatment protocols.",Generalized Anxiety Disorder,disease,Psychiatric,augmented
Causes de Generalized Anxiety Disorder,Generalized Anxiety Disorder: Health condition with specific diagnostic criteria and treatment protocols.,Generalized Anxiety Disorder,disease,Psychiatric,augmented
Causes de Generalized Anxiety Disorder,"En médecine, Generalized Anxiety Disorder se réfère à: Health condition with specific diagnostic criteria and treatment protocols.",Generalized Anxiety Disorder,disease,Psychiatric,augmented
Symptômes du Hypothyroidism,Hypothyroidism: Common endocrinology disorder with significant impact on quality of life.,Hypothyroidism,disease,Endocrinology,augmented
Symptômes du Hypothyroidism,"En médecine, Hypothyroidism se réfère à: Common endocrinology disorder with significant impact on quality of life.",Hypothyroidism,disease,Endocrinology,augmented
Traitement de Hypothyroidism,Hypothyroidism: Common endocrinology disorder with significant impact on quality of life.,Hypothyroidism,disease,Endocrinology,augmented
Traitement de Hypothyroidism,"En médecine, Hypothyroidism se réfère à: Common endocrinology disorder with significant impact on quality of life.",Hypothyroidism,disease,Endocrinology,augmented
Causes de Hypothyroidism,Hypothyroidism: Common endocrinology disorder with significant impact on quality of life.,Hypothyroidism,disease,Endocrinology,augmented
Causes de Hypothyroidism,"En médecine, Hypothyroidism se réfère à: Common endocrinology disorder with significant impact on quality of life.",Hypothyroidism,disease,Endocrinology,augmented
Symptômes du Hyperthyroidism,Hyperthyroidism: Health condition with specific diagnostic criteria and treatment protocols.,Hyperthyroidism,disease,Endocrinology,augmented
Symptômes du Hyperthyroidism,"En médecine, Hyperthyroidism se réfère à: Health condition with specific diagnostic criteria and treatment protocols.",Hyperthyroidism,disease,Endocrinology,augmented
Traitement de Hyperthyroidism,Hyperthyroidism: Health condition with specific diagnostic criteria and treatment protocols.,Hyperthyroidism,disease,Endocrinology,augmented
Traitement de Hyperthyroidism,"En médecine, Hyperthyroidism se réfère à: Health condition with specific diagnostic criteria and treatment protocols.",Hyperthyroidism,disease,Endocrinology,augmented
Causes de Hyperthyroidism,Hyperthyroidism: Health condition with specific diagnostic criteria and treatment protocols.,Hyperthyroidism,disease,Endocrinology,augmented
Causes de Hyperthyroidism,"En médecine, Hyperthyroidism se réfère à: Health condition with specific diagnostic criteria and treatment protocols.",Hyperthyroidism,disease,Endocrinology,augmented
Symptômes du Heart Failure,Heart Failure: Health condition with specific diagnostic criteria and treatment protocols.,Heart Failure,disease,Cardiovascular,augmented
Symptômes du Heart Failure,"En médecine, Heart Failure se réfère à: Health condition with specific diagnostic criteria and treatment protocols.",Heart Failure,disease,Cardiovascular,augmented
Traitement de Heart Failure,Heart Failure: Health condition with specific diagnostic criteria and treatment protocols.,Heart Failure,disease,Cardiovascular,augmented
Traitement de Heart Failure,"En médecine, Heart Failure se réfère à: Health condition with specific diagnostic criteria and treatment protocols.",Heart Failure,disease,Cardiovascular,augmented
Causes de Heart Failure,Heart Failure: Health condition with specific diagnostic criteria and treatment protocols.,Heart Failure,disease,Cardiovascular,augmented
Causes de Heart Failure,"En médecine, Heart Failure se réfère à: Health condition with specific diagnostic criteria and treatment protocols.",Heart Failure,disease,Cardiovascular,augmented
Symptômes du Atrial Fibrillation,Atrial Fibrillation: Medical condition characterized by atrial fibrillation requiring medical management.,Atrial Fibrillation,disease,Cardiovascular,augmented
Symptômes du Atrial Fibrillation,"En médecine, Atrial Fibrillation se réfère à: Medical condition characterized by atrial fibrillation requiring medical management.",Atrial Fibrillation,disease,Cardiovascular,augmented
Traitement de Atrial Fibrillation,Atrial Fibrillation: Medical condition characterized by atrial fibrillation requiring medical management.,Atrial Fibrillation,disease,Cardiovascular,augmented
Traitement de Atrial Fibrillation,"En médecine, Atrial Fibrillation se réfère à: Medical condition characterized by atrial fibrillation requiring medical management.",Atrial Fibrillation,disease,Cardiovascular,augmented
Causes de Atrial Fibrillation,Atrial Fibrillation: Medical condition characterized by atrial fibrillation requiring medical management.,Atrial Fibrillation,disease,Cardiovascular,augmented
Causes de Atrial Fibrillation,"En médecine, Atrial Fibrillation se réfère à: Medical condition characterized by atrial fibrillation requiring medical management.",Atrial Fibrillation,disease,Cardiovascular,augmented
Symptômes du Stroke,Stroke: Common neurological disorder with significant impact on quality of life.,Stroke,disease,Neurological,augmented
Symptômes du Stroke,"En médecine, Stroke se réfère à: Common neurological disorder with significant impact on quality of life.",Stroke,disease,Neurological,augmented
Traitement de Stroke,Stroke: Common neurological disorder with significant impact on quality of life.,Stroke,disease,Neurological,augmented
Traitement de Stroke,"En médecine, Stroke se réfère à: Common neurological disorder with significant impact on quality of life.",Stroke,disease,Neurological,augmented
Causes de Stroke,Stroke: Common neurological disorder with significant impact on quality of life.,Stroke,disease,Neurological,augmented
Causes de Stroke,"En médecine, Stroke se réfère à: Common neurological disorder with significant impact on quality of life.",Stroke,disease,Neurological,augmented
Symptômes du Migraine,Migraine: Health condition with specific diagnostic criteria and treatment protocols.,Migraine,disease,Neurological,augmented
Symptômes du Migraine,"En médecine, Migraine se réfère à: Health condition with specific diagnostic criteria and treatment protocols.",Migraine,disease,Neurological,augmented
Traitement de Migraine,Migraine: Health condition with specific diagnostic criteria and treatment protocols.,Migraine,disease,Neurological,augmented
Traitement de Migraine,"En médecine, Migraine se réfère à: Health condition with specific diagnostic criteria and treatment protocols.",Migraine,disease,Neurological,augmented
Causes de Migraine,Migraine: Health condition with specific diagnostic criteria and treatment protocols.,Migraine,disease,Neurological,augmented
Causes de Migraine,"En médecine, Migraine se réfère à: Health condition with specific diagnostic criteria and treatment protocols.",Migraine,disease,Neurological,augmented
Symptômes du Irritable Bowel Syndrome,"Irritable Bowel Syndrome: Chronic health disorder affecting multiple systems, treated with lifestyle changes and medication.",Irritable Bowel Syndrome,disease,Gastrointestinal,augmented
Symptômes du Irritable Bowel Syndrome,"En médecine, Irritable Bowel Syndrome se réfère à: Chronic health disorder affecting multiple systems, treated with lifestyle changes and medication.",Irritable Bowel Syndrome,disease,Gastrointestinal,augmented
Traitement de Irritable Bowel Syndrome,"Irritable Bowel Syndrome: Chronic health disorder affecting multiple systems, treated with lifestyle changes and medication.",Irritable Bowel Syndrome,disease,Gastrointestinal,augmented
Traitement de Irritable Bowel Syndrome,"En médecine, Irritable Bowel Syndrome se réfère à: Chronic health disorder affecting multiple systems, treated with lifestyle changes and medication.",Irritable Bowel Syndrome,disease,Gastrointestinal,augmented
Causes de Irritable Bowel Syndrome,"Irritable Bowel Syndrome: Chronic health disorder affecting multiple systems, treated with lifestyle changes and medication.",Irritable Bowel Syndrome,disease,Gastrointestinal,augmented
Causes de Irritable Bowel Syndrome,"En médecine, Irritable Bowel Syndrome se réfère à: Chronic health disorder affecting multiple systems, treated with lifestyle changes and medication.",Irritable Bowel Syndrome,disease,Gastrointestinal,augmented
Symptômes du Inflammatory Bowel Disease,Inflammatory Bowel Disease: Health condition with specific diagnostic criteria and treatment protocols.,Inflammatory Bowel Disease,disease,Gastrointestinal,augmented
Symptômes du Inflammatory Bowel Disease,"En médecine, Inflammatory Bowel Disease se réfère à: Health condition with specific diagnostic criteria and treatment protocols.",Inflammatory Bowel Disease,disease,Gastrointestinal,augmented
Traitement de Inflammatory Bowel Disease,Inflammatory Bowel Disease: Health condition with specific diagnostic criteria and treatment protocols.,Inflammatory Bowel Disease,disease,Gastrointestinal,augmented
Traitement de Inflammatory Bowel Disease,"En médecine, Inflammatory Bowel Disease se réfère à: Health condition with specific diagnostic criteria and treatment protocols.",Inflammatory Bowel Disease,disease,Gastrointestinal,augmented
Causes de Inflammatory Bowel Disease,Inflammatory Bowel Disease: Health condition with specific diagnostic criteria and treatment protocols.,Inflammatory Bowel Disease,disease,Gastrointestinal,augmented
Causes de Inflammatory Bowel Disease,"En médecine, Inflammatory Bowel Disease se réfère à: Health condition with specific diagnostic criteria and treatment protocols.",Inflammatory Bowel Disease,disease,Gastrointestinal,augmented
Symptômes du Gastroesophageal Reflux Disease,Gastroesophageal Reflux Disease: Common gastrointestinal disorder with significant impact on quality of life.,Gastroesophageal Reflux Disease,disease,Gastrointestinal,augmented
Symptômes du Gastroesophageal Reflux Disease,"En médecine, Gastroesophageal Reflux Disease se réfère à: Common gastrointestinal disorder with significant impact on quality of life.",Gastroesophageal Reflux Disease,disease,Gastrointestinal,augmented
Traitement de Gastroesophageal Reflux Disease,Gastroesophageal Reflux Disease: Common gastrointestinal disorder with significant impact on quality of life.,Gastroesophageal Reflux Disease,disease,Gastrointestinal,augmented
Traitement de Gastroesophageal Reflux Disease,"En médecine, Gastroesophageal Reflux Disease se réfère à: Common gastrointestinal disorder with significant impact on quality of life.",Gastroesophageal Reflux Disease,disease,Gastrointestinal,augmented
Causes de Gastroesophageal Reflux Disease,Gastroesophageal Reflux Disease: Common gastrointestinal disorder with significant impact on quality of life.,Gastroesophageal Reflux Disease,disease,Gastrointestinal,augmented
Causes de Gastroesophageal Reflux Disease,"En médecine, Gastroesophageal Reflux Disease se réfère à: Common gastrointestinal disorder with significant impact on quality of life.",Gastroesophageal Reflux Disease,disease,Gastrointestinal,augmented
Symptômes du Chronic Kidney Disease,Chronic Kidney Disease: Pathological condition requiring ongoing monitoring and treatment.,Chronic Kidney Disease,disease,Renal,augmented
Symptômes du Chronic Kidney Disease,"En médecine, Chronic Kidney Disease se réfère à: Pathological condition requiring ongoing monitoring and treatment.",Chronic Kidney Disease,disease,Renal,augmented
Traitement de Chronic Kidney Disease,Chronic Kidney Disease: Pathological condition requiring ongoing monitoring and treatment.,Chronic Kidney Disease,disease,Renal,augmented
Traitement de Chronic Kidney Disease,"En médecine, Chronic Kidney Disease se réfère à: Pathological condition requiring ongoing monitoring and treatment.",Chronic Kidney Disease,disease,Renal,augmented
Causes de Chronic Kidney Disease,Chronic Kidney Disease: Pathological condition requiring ongoing monitoring and treatment.,Chronic Kidney Disease,disease,Renal,augmented
Causes de Chronic Kidney Disease,"En médecine, Chronic Kidney Disease se réfère à: Pathological condition requiring ongoing monitoring and treatment.",Chronic Kidney Disease,disease,Renal,augmented
Symptômes du Urinary Tract Infection,Urinary Tract Infection: Health condition with specific diagnostic criteria and treatment protocols.,Urinary Tract Infection,disease,Infectious,augmented
Symptômes du Urinary Tract Infection,"En médecine, Urinary Tract Infection se réfère à: Health condition with specific diagnostic criteria and treatment protocols.",Urinary Tract Infection,disease,Infectious,augmented
Traitement de Urinary Tract Infection,Urinary Tract Infection: Health condition with specific diagnostic criteria and treatment protocols.,Urinary Tract Infection,disease,Infectious,augmented
Traitement de Urinary Tract Infection,"En médecine, Urinary Tract Infection se réfère à: Health condition with specific diagnostic criteria and treatment protocols.",Urinary Tract Infection,disease,Infectious,augmented
Causes de Urinary Tract Infection,Urinary Tract Infection: Health condition with specific diagnostic criteria and treatment protocols.,Urinary Tract Infection,disease,Infectious,augmented
Causes de Urinary Tract Infection,"En médecine, Urinary Tract Infection se réfère à: Health condition with specific diagnostic criteria and treatment protocols.",Urinary Tract Infection,disease,Infectious,augmented
